team_name,game_num,date,site,game_type,opp_name,w_l,pts,opp_pts,fg,fga,fg_per,3p,3pa,3p_per,ft,fta,ft_per,orb,trb,ast,stl,blk,tov,pf,opp_fg,opp_fga,opp_fg_per,opp_3p,opp_3pa,opp_3p_per,opp_ft,opp_fta,opp_ft_per,opp_orb,opp_trb,opp_ast,opp_stl,opp_blk,opp_tov,opp_pf
Virginia Cavaliers,7,11/27/17,Home,R,Wisconsin,1,49,37,23,60,0.383,3,14,0.214,0,0,1,36,7,6,2,12,14,15,48,0.313,0.3,20,0.15,0.4,7,0.571,0.8,28,6,5,1,14,10,15
Virginia Cavaliers,3,11/18/10,Away,R,Stanford,0,60,81,20,47,0.426,9,24,0.375,11,11,1,4,24,11,4,2,16,18,31,57,0.544,13,23,0.565,6,14,0.429,10,29,13,2,2,12,16
Virginia Cavaliers,2,11/15/11,Home,R,Winthrop,1,69,48,22,46,0.478,6,18,0.333,19,19,1,6,28,13,2,3,9,16,17,42,0.405,5,13,0.385,9,19,0.474,2,18,5,3,2,10,18
Virginia Cavaliers,19,1/26/12,Home,R,Boston College,1,66,49,27,53,0.509,4,10,0.4,8,8,1,4,29,16,10,2,8,12,18,45,0.4,7,20,0.35,6,9,0.667,3,24,8,5,4,15,13
Virginia Cavaliers,25,2/14/12,Away,R,Clemson,0,48,60,22,44,0.5,3,16,0.188,1,1,1,3,26,12,5,1,18,16,23,50,0.46,5,15,0.333,9,13,0.692,5,22,13,14,2,9,9
Virginia Cavaliers,5,11/19/12,Home,R,Lamar,1,63,44,23,53,0.434,6,16,0.375,11,11,1,3,24,12,9,8,9,16,15,46,0.326,3,6,0.5,11,12,0.917,5,25,8,3,6,14,13
Virginia Cavaliers,30,3/7/13,Away,R,Florida State,0,51,53,22,57,0.386,2,14,0.143,5,5,1,13,29,7,3,2,7,13,21,44,0.477,4,9,0.444,7,8,0.875,3,20,10,4,6,12,10
Virginia Cavaliers,33,3/12/16,Neutral,A,UNC,0,57,61,23,63,0.365,8,24,0.333,3,3,1,14,32,10,4,3,9,10,24,47,0.511,3,12,0.25,10,13,0.769,5,28,11,8,2,10,10
Virginia Cavaliers,20,1/29/17,Away,R,Villanova,0,59,61,25,50,0.5,6,18,0.333,3,3,1,6,19,13,6,2,9,18,17,40,0.425,7,16,0.438,20,24,0.833,5,23,9,5,2,10,8
Virginia Cavaliers,25,2/15/17,Home,R,Duke,0,55,65,21,57,0.368,5,20,0.25,8,8,1,10,30,9,3,3,8,21,19,42,0.452,9,19,0.474,18,20,0.9,5,28,8,4,2,10,12
Virginia Cavaliers,30,3/4/17,Home,R,Pitt,1,67,42,27,62,0.435,11,22,0.5,2,2,1,7,30,13,8,2,7,11,15,45,0.333,4,20,0.2,8,8,1,5,26,6,5,4,14,7
Virginia Cavaliers,19,1/21/18,Away,R,Wake Forest,1,59,49,21,52,0.404,7,17,0.412,10,10,1,7,30,12,7,6,7,11,17,46,0.37,4,13,0.308,11,14,0.786,6,28,9,3,4,12,15
Virginia Cavaliers,3,11/19/15,Neutral,R,Bradley,1,82,57,30,53,0.566,6,15,0.4,16,17,0.941,7,33,19,6,2,9,20,18,46,0.391,6,15,0.4,15,24,0.625,5,18,7,2,1,12,15
Virginia Cavaliers,33,3/10/18,Neutral,A,UNC,1,71,63,21,50,0.42,9,17,0.529,20,22,0.909,5,26,15,4,2,4,16,20,49,0.408,10,25,0.4,13,17,0.765,8,29,15,2,1,8,18
Virginia Cavaliers,14,1/7/15,Home,R,NC State,1,61,51,23,56,0.411,6,20,0.3,9,10,0.9,11,36,13,5,4,9,10,20,53,0.377,9,21,0.429,2,9,0.222,7,28,9,3,4,11,13
Virginia Cavaliers,23,2/6/17,Home,R,Louisville,1,71,55,25,47,0.532,3,12,0.25,18,20,0.9,9,35,13,2,8,14,14,20,54,0.37,5,18,0.278,10,15,0.667,4,16,7,9,2,5,15
Virginia Cavaliers,24,2/8/14,Away,R,Georgia Tech,1,64,45,21,53,0.396,5,11,0.455,17,19,0.895,12,43,10,7,2,9,14,18,49,0.367,6,15,0.4,3,13,0.231,6,23,10,5,7,11,16
Virginia Cavaliers,25,2/13/16,Away,R,Duke,0,62,63,26,54,0.481,2,11,0.182,8,9,0.889,5,26,13,3,1,7,19,23,51,0.451,8,22,0.364,9,16,0.563,9,31,12,5,1,9,13
Virginia Cavaliers,1,11/11/16,Away,R,UNC Greensboro,1,76,51,26,50,0.52,8,16,0.5,16,18,0.889,11,35,13,8,1,11,17,17,46,0.37,7,21,0.333,10,13,0.769,7,21,7,6,1,11,15
Virginia Cavaliers,3,11/20/16,Home,R,Yale,1,62,38,24,60,0.4,6,20,0.3,8,9,0.889,12,33,17,6,7,7,10,16,47,0.34,4,14,0.286,2,4,0.5,6,25,7,5,2,13,13
Virginia Cavaliers,24,2/12/11,Away,R,Florida State,0,56,63,19,60,0.317,11,30,0.367,7,8,0.875,7,26,12,11,2,10,18,21,47,0.447,6,18,0.333,15,19,0.789,6,37,10,6,6,16,14
Virginia Cavaliers,22,2/4/12,Away,R,Florida State,0,55,58,21,45,0.467,6,18,0.333,7,8,0.875,4,23,11,10,1,20,17,22,46,0.478,5,12,0.417,9,16,0.563,8,24,7,10,5,19,13
Virginia Cavaliers,4,11/17/12,Home,R,Seattle,1,83,43,28,50,0.56,6,14,0.429,21,24,0.875,9,38,21,7,6,19,13,15,59,0.254,5,19,0.263,8,14,0.571,11,25,4,10,0,19,19
Virginia Cavaliers,15,1/10/15,Away,R,Notre Dame,1,62,56,25,51,0.49,5,11,0.455,7,8,0.875,8,33,9,2,3,8,12,20,59,0.339,10,24,0.417,6,12,0.5,13,30,10,4,1,6,14
Virginia Cavaliers,17,1/14/18,Home,R,NC State,1,68,51,23,41,0.561,8,14,0.571,14,16,0.875,5,26,16,8,2,14,10,23,56,0.411,2,16,0.125,3,5,0.6,13,25,7,8,1,14,18
Virginia Cavaliers,5,11/21/11,Neutral,R,Drake,1,60,52,20,38,0.526,0,5,0,20,23,0.87,4,22,8,10,1,16,21,16,41,0.39,2,10,0.2,18,23,0.783,5,20,6,9,1,15,20
Virginia Cavaliers,24,2/12/13,Home,R,Virginia Tech,1,73,55,22,50,0.44,9,19,0.474,20,23,0.87,5,31,14,2,3,5,13,18,52,0.346,8,25,0.32,11,19,0.579,10,32,7,3,2,8,15
Virginia Cavaliers,26,2/18/12,Home,R,Maryland,1,71,44,26,54,0.481,6,10,0.6,13,15,0.867,5,33,9,7,3,7,14,14,52,0.269,7,19,0.368,9,16,0.563,10,32,3,4,0,15,17
Virginia Cavaliers,10,12/19/15,Home,R,Villanova,1,86,75,26,46,0.565,8,12,0.667,26,30,0.867,10,28,12,4,2,12,19,26,53,0.491,10,26,0.385,13,17,0.765,10,19,17,6,1,10,24
Virginia Cavaliers,17,1/17/16,Away,R,Florida State,0,62,69,22,56,0.393,5,12,0.417,13,15,0.867,6,23,14,4,1,9,21,21,43,0.488,6,13,0.462,21,26,0.808,3,28,8,5,3,15,17
Virginia Cavaliers,29,3/1/16,Away,R,Clemson,1,64,57,21,52,0.404,9,19,0.474,13,15,0.867,9,33,12,7,1,8,15,20,46,0.435,6,17,0.353,11,16,0.688,5,24,12,6,5,12,13
Virginia Cavaliers,6,11/24/17,Neutral,R,Rhode Island,1,70,55,23,46,0.5,5,12,0.417,19,22,0.864,4,31,9,5,2,11,15,22,50,0.44,4,10,0.4,7,14,0.5,3,21,11,6,4,9,20
Virginia Cavaliers,16,1/9/18,Home,R,Syracuse,1,68,61,20,53,0.377,9,27,0.333,19,22,0.864,10,28,15,7,5,7,13,23,60,0.383,6,21,0.286,9,11,0.818,17,37,3,6,5,11,17
Virginia Cavaliers,4,11/19/11,Neutral,R,Drexel,1,49,35,14,39,0.359,3,12,0.25,18,21,0.857,4,26,9,5,4,8,16,14,54,0.259,3,21,0.143,4,6,0.667,12,34,6,4,2,13,20
Virginia Cavaliers,27,2/24/13,Home,R,Georgia Tech,1,82,54,32,59,0.542,6,19,0.316,12,14,0.857,9,27,15,5,3,5,8,22,50,0.44,6,17,0.353,4,8,0.5,9,24,8,3,1,16,16
Virginia Cavaliers,33,3/15/14,Neutral,A,Pitt,1,51,48,21,45,0.467,3,12,0.25,6,7,0.857,4,25,9,3,5,11,13,18,49,0.367,3,14,0.214,9,14,0.643,8,28,9,6,2,8,14
Virginia Cavaliers,17,1/17/15,Away,R,Boston College,1,66,51,21,49,0.429,6,18,0.333,18,21,0.857,12,33,12,2,3,8,18,17,43,0.395,5,15,0.333,12,13,0.923,3,18,8,2,0,9,16
Virginia Cavaliers,28,2/27/16,Home,R,UNC,1,79,74,27,61,0.443,7,16,0.438,18,21,0.857,8,27,14,6,5,8,14,29,59,0.492,9,19,0.474,7,13,0.538,12,33,17,7,3,13,21
Virginia Cavaliers,19,1/24/17,Away,R,Notre Dame,1,71,54,25,54,0.463,9,19,0.474,12,14,0.857,8,35,13,7,1,11,17,20,48,0.417,3,18,0.167,11,17,0.647,1,17,9,6,6,10,10
Virginia Cavaliers,34,3/18/17,Neutral,N,Florida,0,39,65,16,54,0.296,1,15,0.067,6,7,0.857,8,28,8,4,3,11,17,23,50,0.46,8,21,0.381,11,18,0.611,5,32,10,6,1,9,10
Virginia Cavaliers,31,3/8/18,Neutral,A,Louisville,1,75,58,31,59,0.525,7,18,0.389,6,7,0.857,7,29,13,5,2,7,13,18,49,0.367,9,21,0.429,13,14,0.929,6,22,11,5,2,8,13
Virginia Cavaliers,29,3/1/11,Home,R,NC State,1,69,58,21,53,0.396,10,21,0.476,17,20,0.85,8,29,12,5,7,9,13,20,49,0.408,6,16,0.375,12,16,0.75,9,33,10,5,7,15,16
Virginia Cavaliers,24,2/9/16,Home,R,Virginia Tech,1,67,49,24,49,0.49,2,10,0.2,17,20,0.85,6,26,18,4,8,10,15,16,45,0.356,4,14,0.286,13,17,0.765,3,22,7,6,0,14,18
Virginia Cavaliers,10,12/18/11,Away,R,Oregon,1,67,54,25,55,0.455,6,15,0.4,11,13,0.846,9,38,12,2,0,8,19,23,54,0.426,3,15,0.2,5,14,0.357,6,25,11,4,0,6,14
Virginia Cavaliers,31,3/8/17,Neutral,A,Pitt,1,75,63,24,49,0.49,11,22,0.5,16,19,0.842,5,27,16,2,1,7,19,18,45,0.4,10,29,0.345,17,23,0.739,5,25,8,2,3,10,16
Virginia Cavaliers,33,3/20/15,Neutral,N,Belmont,1,79,67,26,57,0.456,6,17,0.353,21,25,0.84,11,34,11,5,3,7,10,27,57,0.474,8,25,0.32,5,6,0.833,6,26,12,4,2,12,22
Virginia Cavaliers,7,11/29/10,Away,R,Minnesota,1,87,79,26,55,0.473,10,13,0.769,25,30,0.833,10,32,19,5,1,11,18,29,58,0.5,9,22,0.409,12,20,0.6,9,30,15,7,7,11,22
Virginia Cavaliers,9,12/7/10,Home,R,Radford,1,54,44,13,47,0.277,8,21,0.381,20,24,0.833,11,31,8,8,7,13,15,17,44,0.386,4,10,0.4,6,8,0.75,3,25,6,5,1,18,20
Virginia Cavaliers,17,1/19/13,Home,R,Florida State,1,56,36,22,45,0.489,7,13,0.538,5,6,0.833,9,28,15,9,5,16,14,16,43,0.372,1,15,0.067,3,8,0.375,9,20,5,6,4,18,13
Virginia Cavaliers,16,1/11/14,Away,R,NC State,1,76,45,29,62,0.468,3,13,0.231,15,18,0.833,10,35,14,9,6,7,21,13,45,0.289,2,10,0.2,17,23,0.739,5,26,7,1,8,16,17
Virginia Cavaliers,3,11/18/14,Home,R,South Carolina State,1,75,55,27,57,0.474,6,16,0.375,15,18,0.833,13,44,12,3,6,12,10,19,58,0.328,8,22,0.364,9,13,0.692,7,23,10,9,3,5,17
Virginia Cavaliers,19,1/25/15,Away,R,Virginia Tech,1,50,47,17,49,0.347,6,18,0.333,10,12,0.833,10,31,12,5,3,12,13,19,42,0.452,5,19,0.263,4,7,0.571,1,18,8,5,5,14,16
Virginia Cavaliers,26,2/15/16,Home,R,NC State,1,73,53,29,54,0.537,10,18,0.556,5,6,0.833,5,25,21,6,1,10,14,19,47,0.404,3,16,0.188,12,18,0.667,8,27,5,6,5,12,11
Virginia Cavaliers,37,3/27/16,Neutral,N,Syracuse,0,62,68,22,53,0.415,8,21,0.381,10,12,0.833,5,30,21,3,8,13,16,21,57,0.368,6,18,0.333,20,25,0.8,12,34,10,11,7,7,15
Virginia Cavaliers,1,11/10/17,Home,R,UNC Greensboro,1,60,48,18,42,0.429,4,16,0.25,20,24,0.833,7,30,8,8,4,13,17,15,51,0.294,4,26,0.154,14,18,0.778,13,30,9,5,2,17,20
Virginia Cavaliers,12,12/30/14,Home,R,Davidson,1,83,72,27,61,0.443,5,15,0.333,24,29,0.828,17,40,13,4,2,5,13,27,56,0.482,11,28,0.393,7,12,0.583,2,19,14,3,3,7,19
Virginia Cavaliers,12,12/22/10,Home,R,Seattle,0,53,59,16,53,0.302,2,20,0.1,19,23,0.826,11,31,6,6,5,9,15,24,48,0.5,5,14,0.357,6,13,0.462,6,28,5,6,1,14,20
Virginia Cavaliers,7,11/28/12,Away,R,Wisconsin,1,60,54,21,46,0.457,4,12,0.333,14,17,0.824,8,36,12,3,4,10,12,21,55,0.382,8,22,0.364,4,5,0.8,5,18,12,6,3,5,15
Virginia Cavaliers,13,12/30/13,Away,R,Tennessee,0,52,87,18,55,0.327,2,12,0.167,14,17,0.824,12,32,8,2,5,12,19,27,54,0.5,11,18,0.611,22,25,0.88,8,34,18,7,3,6,18
Virginia Cavaliers,11,12/22/15,Home,R,California,1,63,62,21,54,0.389,7,12,0.583,14,17,0.824,6,24,14,5,1,7,14,23,52,0.442,6,17,0.353,10,13,0.769,7,31,10,3,2,13,18
Virginia Cavaliers,19,1/26/13,Home,R,Boston College,1,65,51,27,48,0.563,2,9,0.222,9,11,0.818,7,29,15,7,7,13,16,17,47,0.362,7,22,0.318,10,12,0.833,5,20,9,4,2,14,13
Virginia Cavaliers,35,3/27/13,Home,N,Iowa,0,64,75,19,50,0.38,8,18,0.444,18,22,0.818,10,23,11,8,8,16,15,26,53,0.491,8,17,0.471,15,15,1,7,29,14,8,3,15,17
Virginia Cavaliers,22,2/3/16,Home,R,Boston College,1,61,47,17,42,0.405,9,18,0.5,18,22,0.818,3,35,10,8,2,13,18,13,49,0.265,8,26,0.308,13,18,0.722,5,29,8,6,1,11,17
Virginia Cavaliers,36,3/23/14,Neutral,N,Memphis,1,78,60,30,54,0.556,5,11,0.455,13,16,0.813,5,32,13,3,6,10,16,24,59,0.407,3,13,0.231,9,21,0.429,8,25,16,7,3,6,14
Virginia Cavaliers,2,11/16/15,Away,R,George Washington,0,68,73,25,62,0.403,5,20,0.25,13,16,0.813,9,29,11,6,2,8,24,23,51,0.451,4,15,0.267,23,28,0.821,7,34,9,3,2,11,18
Virginia Cavaliers,31,3/12/15,Neutral,A,Florida State,1,58,44,19,40,0.475,3,7,0.429,17,21,0.81,6,29,12,5,4,12,18,15,46,0.326,3,17,0.176,11,16,0.688,8,23,7,5,4,13,17
Virginia Cavaliers,35,3/19/16,Neutral,N,Butler,1,77,69,29,52,0.558,2,10,0.2,17,21,0.81,5,30,11,3,2,9,13,25,54,0.463,7,15,0.467,12,17,0.706,4,21,9,7,1,4,17
Virginia Cavaliers,4,11/19/17,Home,R,Monmouth,1,73,53,26,50,0.52,4,14,0.286,17,21,0.81,6,32,14,9,5,8,18,16,48,0.333,6,21,0.286,15,23,0.652,8,25,7,2,0,14,18
Virginia Cavaliers,29,3/1/12,Home,R,Florida State,0,60,63,20,44,0.455,4,9,0.444,16,20,0.8,5,17,13,8,3,15,17,23,45,0.511,7,16,0.438,10,13,0.769,6,25,11,9,2,18,16
Virginia Cavaliers,31,3/9/12,Neutral,A,NC State,0,64,67,23,53,0.434,2,12,0.167,16,20,0.8,9,33,10,8,2,10,16,27,50,0.54,5,15,0.333,8,18,0.444,6,28,18,8,2,11,16
Virginia Cavaliers,29,2/26/14,Home,R,Miami (FL),1,65,40,20,44,0.455,9,16,0.563,16,20,0.8,5,29,14,3,3,10,19,12,46,0.261,0,12,0,16,27,0.593,10,28,3,4,2,8,17
Virginia Cavaliers,35,3/21/14,Neutral,N,Coastal Carolina,1,70,59,21,40,0.525,8,17,0.471,20,25,0.8,0,25,16,4,5,7,16,21,50,0.42,9,19,0.474,8,14,0.571,3,26,13,5,2,8,19
Virginia Cavaliers,20,1/31/15,Home,R,Duke,0,63,69,26,63,0.413,3,13,0.231,8,10,0.8,12,30,11,4,1,7,11,28,55,0.509,6,17,0.353,7,13,0.538,10,32,12,4,4,8,13
Virginia Cavaliers,32,3/13/15,Neutral,A,UNC,0,67,71,23,52,0.442,5,16,0.313,16,20,0.8,6,21,8,8,2,13,17,23,42,0.548,7,14,0.5,18,27,0.667,6,30,17,7,2,16,16
Virginia Cavaliers,3,11/17/17,Away,R,VCU,1,76,67,31,61,0.508,10,23,0.435,4,5,0.8,5,25,16,8,1,5,15,26,57,0.456,9,25,0.36,6,9,0.667,9,32,12,4,4,12,13
Virginia Cavaliers,24,2/7/18,Away,R,Florida State,1,59,55,22,55,0.4,7,17,0.412,8,10,0.8,6,24,8,4,1,6,18,18,45,0.4,6,20,0.3,13,19,0.684,6,28,11,0,2,11,15
Virginia Cavaliers,2,11/13/17,Home,R,Austin Peay,1,93,49,33,52,0.635,8,17,0.471,19,24,0.792,7,29,17,8,5,9,19,18,44,0.409,3,12,0.25,10,19,0.526,6,19,6,3,0,20,24
Virginia Cavaliers,9,12/4/13,Home,R,Wisconsin,0,38,48,11,47,0.234,1,11,0.091,15,19,0.789,6,32,6,5,6,10,18,15,52,0.288,5,23,0.217,13,20,0.65,11,38,7,5,4,7,14
Virginia Cavaliers,14,1/4/16,Away,R,Virginia Tech,0,68,70,24,49,0.49,9,20,0.45,11,14,0.786,10,33,15,5,6,16,22,24,51,0.471,9,17,0.529,13,22,0.591,4,21,17,9,2,8,18
Virginia Cavaliers,10,12/17/16,Home,R,Robert Morris,1,79,39,31,52,0.596,6,14,0.429,11,14,0.786,7,37,21,7,7,11,19,11,46,0.239,4,15,0.267,13,23,0.565,5,20,7,7,1,13,16
Virginia Cavaliers,12,12/28/16,Away,R,Louisville,1,61,53,24,49,0.49,2,8,0.25,11,14,0.786,8,31,12,7,0,13,19,19,44,0.432,2,14,0.143,13,22,0.591,8,26,7,5,2,14,15
Virginia Cavaliers,30,3/5/11,Away,R,Maryland,1,74,60,26,59,0.441,8,17,0.471,14,18,0.778,9,28,13,6,1,5,18,21,47,0.447,2,9,0.222,16,21,0.762,6,28,13,2,10,11,15
Virginia Cavaliers,16,1/12/12,Away,R,Duke,0,58,61,24,61,0.393,3,16,0.188,7,9,0.778,14,34,16,4,1,9,18,24,46,0.522,5,20,0.25,8,19,0.421,6,27,11,3,6,11,16
Virginia Cavaliers,10,12/7/13,Away,R,Green Bay,0,72,75,23,46,0.5,5,17,0.294,21,27,0.778,9,28,11,3,3,14,19,26,51,0.51,7,14,0.5,16,21,0.762,6,18,18,12,2,8,20
Virginia Cavaliers,28,2/22/14,Home,R,Notre Dame,1,70,49,28,44,0.636,7,15,0.467,7,9,0.778,4,29,17,1,6,8,13,21,54,0.389,5,15,0.333,2,7,0.286,9,21,11,1,0,6,10
Virginia Cavaliers,7,11/29/14,Neutral,R,Rutgers,1,45,26,18,55,0.327,2,16,0.125,7,9,0.778,9,37,10,7,1,7,9,12,48,0.25,0,13,0,2,3,0.667,5,27,4,4,5,11,11
Virginia Cavaliers,18,1/18/18,Away,R,Georgia Tech,1,64,48,27,58,0.466,3,13,0.231,7,9,0.778,10,27,10,10,4,7,12,17,42,0.405,5,11,0.455,9,14,0.643,7,28,11,5,7,18,9
Virginia Cavaliers,21,1/27/18,Away,R,Duke,1,65,63,26,66,0.394,6,22,0.273,7,9,0.778,7,27,12,8,3,5,18,27,56,0.482,4,15,0.267,5,11,0.455,10,42,15,2,5,16,14
Virginia Cavaliers,22,1/31/18,Home,R,Louisville,1,74,64,29,54,0.537,9,16,0.563,7,9,0.778,5,22,13,6,0,7,9,25,50,0.5,8,18,0.444,6,6,1,5,24,11,2,1,11,11
Virginia Cavaliers,25,2/10/18,Home,R,Virginia Tech,0,60,61,21,61,0.344,11,38,0.289,7,9,0.778,8,34,14,6,2,4,11,22,51,0.431,11,29,0.379,6,8,0.75,5,30,14,4,1,10,12
Virginia Cavaliers,7,11/29/11,Home,R,Michigan,1,70,58,22,53,0.415,9,25,0.36,17,22,0.773,8,33,16,7,3,8,12,22,50,0.44,10,22,0.455,4,7,0.571,2,24,8,5,3,11,20
Virginia Cavaliers,6,11/28/14,Neutral,R,La Salle,1,64,56,22,46,0.478,3,7,0.429,17,22,0.773,10,33,11,8,4,12,23,18,45,0.4,4,14,0.286,16,25,0.64,6,19,7,8,0,13,21
Virginia Cavaliers,12,12/22/12,Neutral,R,Old Dominion,0,61,63,21,53,0.396,9,21,0.429,10,13,0.769,7,29,13,1,7,8,19,20,52,0.385,9,23,0.391,14,19,0.737,11,36,10,3,3,6,17
Virginia Cavaliers,7,12/1/15,Away,R,Ohio State,1,64,58,23,52,0.442,8,16,0.5,10,13,0.769,8,28,11,2,1,7,13,21,42,0.5,8,21,0.381,8,12,0.667,3,23,10,3,7,12,13
Virginia Cavaliers,30,3/5/16,Home,R,Louisville,1,68,46,20,39,0.513,5,12,0.417,23,30,0.767,7,32,13,4,2,13,14,16,58,0.276,4,22,0.182,10,14,0.714,12,26,11,8,1,7,27
Virginia Cavaliers,37,3/28/14,Neutral,N,Michigan State,0,59,61,20,57,0.351,6,18,0.333,13,17,0.765,8,29,10,5,4,6,16,21,47,0.447,5,14,0.357,14,18,0.778,6,29,13,5,4,9,16
Virginia Cavaliers,5,11/22/15,Neutral,R,George Mason,1,83,66,32,56,0.571,6,9,0.667,13,17,0.765,6,29,17,4,4,6,19,23,52,0.442,6,17,0.353,14,22,0.636,9,26,11,3,7,9,18
Virginia Cavaliers,8,12/5/15,Home,R,William & Mary,1,67,52,26,59,0.441,2,12,0.167,13,17,0.765,8,32,10,15,5,5,12,19,46,0.413,6,18,0.333,8,13,0.615,3,28,8,4,2,19,16
Virginia Cavaliers,20,1/26/16,Away,R,Wake Forest,1,72,71,27,56,0.482,5,17,0.294,13,17,0.765,5,24,13,7,3,9,23,23,43,0.535,6,17,0.353,19,29,0.655,4,27,12,6,3,11,15
Virginia Cavaliers,18,1/21/17,Home,R,Georgia Tech,1,62,49,22,48,0.458,5,22,0.227,13,17,0.765,6,28,13,6,3,11,14,19,42,0.452,4,9,0.444,7,12,0.583,2,23,11,9,1,13,15
Virginia Cavaliers,14,1/2/11,Home,R,LSU,1,64,50,21,52,0.404,6,19,0.316,16,21,0.762,12,34,10,6,6,11,15,18,51,0.353,3,13,0.231,11,17,0.647,9,29,7,3,3,12,15
Virginia Cavaliers,3,11/16/13,Neutral,R,Davidson,1,70,57,25,48,0.521,4,11,0.364,16,21,0.762,14,42,10,6,4,17,13,19,62,0.306,11,29,0.379,8,12,0.667,15,26,9,9,2,12,16
Virginia Cavaliers,1,11/14/14,Away,R,James Madison,1,79,51,29,50,0.58,5,7,0.714,16,21,0.762,8,36,12,11,7,16,18,15,53,0.283,8,26,0.308,13,18,0.722,9,22,9,4,1,17,15
Virginia Cavaliers,16,1/12/16,Home,R,Miami (FL),1,66,58,24,47,0.511,2,7,0.286,16,21,0.762,8,29,12,1,3,9,19,21,50,0.42,6,22,0.273,10,17,0.588,7,24,8,5,1,8,17
Virginia Cavaliers,21,2/1/17,Home,R,Virginia Tech,1,71,48,25,54,0.463,5,16,0.313,16,21,0.762,11,35,15,5,4,9,19,15,42,0.357,3,20,0.15,15,20,0.75,3,21,5,2,2,14,19
Virginia Cavaliers,2,11/15/10,Home,R,USC Upstate,1,74,54,25,47,0.532,5,15,0.333,19,25,0.76,8,29,13,6,1,12,14,19,44,0.432,10,23,0.435,6,10,0.6,2,15,13,7,2,12,19
Virginia Cavaliers,28,2/28/13,Home,R,Duke,1,73,68,24,52,0.462,3,11,0.273,22,29,0.759,9,33,10,3,6,10,18,21,53,0.396,8,25,0.32,18,20,0.9,2,21,8,4,1,9,23
Virginia Cavaliers,28,2/26/11,Home,R,Boston College,0,44,63,17,53,0.321,4,21,0.19,6,8,0.75,10,27,8,5,1,7,11,24,47,0.511,9,23,0.391,6,8,0.75,5,28,13,4,3,10,12
Virginia Cavaliers,6,11/20/12,Home,R,North Texas,1,80,64,27,46,0.587,8,11,0.727,18,24,0.75,8,25,18,7,5,15,20,21,58,0.362,3,19,0.158,19,26,0.731,16,28,5,7,5,14,21
Virginia Cavaliers,15,1/9/13,Away,R,Wake Forest,0,52,55,20,55,0.364,3,11,0.273,9,12,0.75,16,39,8,6,3,17,19,18,44,0.409,4,15,0.267,15,21,0.714,4,23,10,5,9,12,13
Virginia Cavaliers,9,12/6/14,Away,R,VCU,1,74,57,28,41,0.683,6,11,0.545,12,16,0.75,5,31,18,4,1,16,9,23,60,0.383,7,24,0.292,4,9,0.444,8,20,15,12,3,6,12
Virginia Cavaliers,10,12/18/14,Home,R,Cleveland State,1,70,52,22,44,0.5,5,11,0.455,21,28,0.75,8,31,14,4,6,6,13,19,52,0.365,7,23,0.304,7,9,0.778,7,22,9,3,0,7,24
Virginia Cavaliers,4,11/20/15,Neutral,R,Long Beach State,1,87,52,34,61,0.557,13,25,0.52,6,8,0.75,8,35,23,4,3,7,18,15,48,0.313,7,21,0.333,15,20,0.75,6,23,9,4,2,9,15
Virginia Cavaliers,15,1/8/17,Home,R,Wake Forest,1,79,62,26,53,0.491,9,19,0.474,18,24,0.75,9,32,12,4,8,9,18,23,57,0.404,6,21,0.286,10,16,0.625,7,24,12,5,3,11,22
Virginia Cavaliers,26,2/18/17,Away,R,UNC,0,41,65,15,54,0.278,2,20,0.1,9,12,0.75,3,23,8,2,5,6,14,27,58,0.466,7,19,0.368,4,7,0.571,7,40,17,4,5,9,13
Virginia Cavaliers,23,2/3/18,Away,R,Syracuse,1,59,44,23,47,0.489,7,23,0.304,6,8,0.75,4,29,19,4,4,9,12,17,51,0.333,4,21,0.19,6,9,0.667,5,23,6,3,4,6,11
Virginia Cavaliers,26,2/13/18,Away,R,Miami (FL),1,59,50,22,48,0.458,6,17,0.353,9,12,0.75,5,25,15,5,2,10,15,18,47,0.383,6,21,0.286,8,11,0.727,4,20,6,5,3,10,13
Virginia Cavaliers,1,11/13/11,Home,R,South Carolina State,1,75,38,25,51,0.49,8,19,0.421,17,23,0.739,10,41,18,9,2,13,17,13,51,0.255,3,16,0.188,9,20,0.45,8,24,6,7,3,15,21
Virginia Cavaliers,23,2/10/13,Away,R,Maryland,1,80,69,26,48,0.542,11,19,0.579,17,23,0.739,8,31,15,5,1,16,16,27,58,0.466,5,17,0.294,10,18,0.556,10,27,14,9,6,13,17
Virginia Cavaliers,18,1/18/14,Home,R,Florida State,1,78,66,27,55,0.491,7,11,0.636,17,23,0.739,7,23,18,8,5,9,21,21,46,0.457,6,16,0.375,18,22,0.818,6,27,11,3,9,18,21
Virginia Cavaliers,10,12/17/10,Home,R,Oregon,1,63,48,22,44,0.5,5,12,0.417,14,19,0.737,5,29,7,6,6,11,16,19,55,0.345,3,19,0.158,7,9,0.778,9,28,8,5,2,13,17
Virginia Cavaliers,27,2/23/11,Away,R,Georgia Tech,1,62,56,20,48,0.417,8,19,0.421,14,19,0.737,3,24,14,7,2,7,16,21,56,0.375,8,25,0.32,6,13,0.462,12,37,15,2,6,10,16
Virginia Cavaliers,9,12/5/17,Away,R,West Virginia,0,61,68,19,46,0.413,9,23,0.391,14,19,0.737,5,23,11,5,4,12,17,21,50,0.42,10,25,0.4,16,18,0.889,6,30,12,6,3,10,20
Virginia Cavaliers,10,12/16/17,Home,R,Davidson,1,80,60,28,56,0.5,10,19,0.526,14,19,0.737,6,30,14,7,1,6,14,24,50,0.48,8,26,0.308,4,7,0.571,4,24,14,3,5,13,18
Virginia Cavaliers,21,1/31/12,Home,R,Clemson,1,65,61,24,43,0.558,6,14,0.429,11,15,0.733,5,31,15,3,5,11,12,22,54,0.407,8,21,0.381,9,11,0.818,4,17,12,5,1,4,13
Virginia Cavaliers,17,1/13/14,Away,R,Duke,0,65,69,21,55,0.382,4,10,0.4,19,26,0.731,12,33,6,5,1,8,17,22,49,0.449,10,22,0.455,15,20,0.75,8,30,12,5,3,9,23
Virginia Cavaliers,20,1/25/14,Home,R,Virginia Tech,1,65,45,20,46,0.435,6,18,0.333,19,26,0.731,5,30,14,4,6,8,18,14,42,0.333,3,18,0.167,14,25,0.56,6,27,5,4,2,12,16
Virginia Cavaliers,1,11/12/10,Home,R,William & Mary,1,76,52,28,56,0.5,12,23,0.522,8,11,0.727,8,33,17,6,1,8,15,18,48,0.375,7,26,0.269,9,16,0.563,4,23,8,4,1,8,13
Virginia Cavaliers,22,2/2/11,Home,R,Clemson,1,49,47,17,43,0.395,7,21,0.333,8,11,0.727,4,26,9,7,6,15,14,19,57,0.333,3,18,0.167,6,11,0.545,13,33,5,7,5,13,17
Virginia Cavaliers,8,12/1/12,Home,R,Green Bay,1,67,51,26,52,0.5,7,14,0.5,8,11,0.727,4,30,20,7,5,10,14,18,53,0.34,5,17,0.294,10,13,0.769,8,28,11,5,2,13,13
Virginia Cavaliers,11,12/21/14,Home,R,Harvard,1,76,27,31,52,0.596,6,11,0.545,8,11,0.727,7,42,21,6,5,10,20,8,50,0.16,2,11,0.182,9,22,0.409,8,22,1,7,1,10,9
Virginia Cavaliers,22,2/7/15,Home,R,Louisville,1,52,47,17,51,0.333,2,14,0.143,16,22,0.727,9,31,9,8,4,2,13,17,46,0.37,3,14,0.214,10,13,0.769,5,32,6,2,3,10,18
Virginia Cavaliers,25,2/16/15,Home,R,Pitt,1,61,49,20,47,0.426,5,13,0.385,16,22,0.727,6,27,11,5,4,7,14,17,44,0.386,6,16,0.375,9,17,0.529,7,27,11,5,0,11,21
Virginia Cavaliers,11,12/21/16,Away,R,California,1,56,52,22,57,0.386,4,13,0.308,8,11,0.727,6,29,14,1,3,7,17,18,51,0.353,5,23,0.217,11,16,0.688,7,33,11,3,3,12,14
Virginia Cavaliers,12,12/22/17,Home,R,Hampton,1,82,48,29,64,0.453,8,19,0.421,16,22,0.727,12,37,14,7,6,8,13,14,54,0.259,7,16,0.438,13,15,0.867,8,27,4,3,2,14,20
Virginia Cavaliers,28,2/24/18,Away,R,Pitt,1,66,37,25,49,0.51,8,16,0.5,8,11,0.727,7,36,15,3,7,7,10,11,46,0.239,7,25,0.28,8,11,0.727,4,22,8,2,4,8,12
Virginia Cavaliers,7,11/29/13,Neutral,R,SMU,1,76,73,20,44,0.455,10,14,0.714,26,36,0.722,8,27,11,6,1,12,24,24,49,0.49,5,14,0.357,20,26,0.769,8,27,13,6,5,11,27
Virginia Cavaliers,11,12/19/17,Home,R,Savannah State,1,78,47,29,58,0.5,7,19,0.368,13,18,0.722,9,38,18,7,7,12,12,16,57,0.281,11,37,0.297,4,5,0.8,6,26,11,8,3,18,18
Virginia Cavaliers,29,3/3/13,Away,R,Boston College,0,52,53,20,47,0.426,7,15,0.467,5,7,0.714,5,24,12,3,0,10,15,19,41,0.463,7,18,0.389,8,11,0.727,4,26,11,2,2,9,12
Virginia Cavaliers,28,2/28/15,Home,R,Virginia Tech,1,69,57,24,47,0.511,6,13,0.462,15,21,0.714,7,28,14,3,7,6,17,18,47,0.383,9,19,0.474,12,17,0.706,6,25,9,3,1,7,20
Virginia Cavaliers,12,12/30/15,Home,R,Oakland,1,71,58,25,55,0.455,6,16,0.375,15,21,0.714,7,27,16,7,2,7,14,19,51,0.373,8,21,0.381,12,17,0.706,9,31,5,5,2,16,15
Virginia Cavaliers,19,1/24/16,Home,R,Syracuse,1,73,65,25,44,0.568,8,18,0.444,15,21,0.714,4,27,18,7,1,13,12,21,54,0.389,13,30,0.433,10,15,0.667,7,22,8,7,0,11,18
Virginia Cavaliers,4,11/22/16,Home,R,Grambling,1,90,34,33,60,0.55,14,34,0.412,10,14,0.714,8,40,23,11,6,11,15,12,52,0.231,4,17,0.235,6,12,0.5,8,28,3,7,1,21,15
Virginia Cavaliers,30,3/3/18,Home,R,Notre Dame,1,62,57,21,50,0.42,5,11,0.455,15,21,0.714,4,27,15,7,3,5,16,19,53,0.358,7,24,0.292,12,17,0.706,9,37,10,3,2,7,17
Virginia Cavaliers,11,12/21/11,Away,R,Seattle,1,83,77,26,47,0.553,4,11,0.364,27,38,0.711,8,27,12,5,2,13,17,29,63,0.46,8,22,0.364,11,15,0.733,13,29,11,11,1,13,29
Virginia Cavaliers,13,1/2/16,Home,R,Notre Dame,1,77,66,28,49,0.571,4,11,0.364,17,24,0.708,7,27,17,4,4,7,12,27,56,0.482,7,22,0.318,5,7,0.714,8,20,8,6,1,7,17
Virginia Cavaliers,32,3/14/14,Neutral,A,Florida State,1,64,51,23,48,0.479,6,20,0.3,12,17,0.706,10,27,13,5,4,11,15,20,47,0.426,3,10,0.3,8,11,0.727,9,22,10,6,3,15,15
Virginia Cavaliers,31,3/9/14,Away,R,Maryland,0,69,75,22,57,0.386,6,21,0.286,19,27,0.704,6,22,13,4,5,7,23,23,48,0.479,5,17,0.294,24,30,0.8,5,30,8,3,4,12,19
Virginia Cavaliers,8,12/3/14,Away,R,Maryland,1,76,65,26,49,0.531,5,13,0.385,19,27,0.704,8,32,13,4,4,7,28,16,40,0.4,6,18,0.333,27,36,0.75,3,21,6,2,2,7,19
Virginia Cavaliers,2,11/12/12,Home,R,Fairfield,1,54,45,19,47,0.404,2,8,0.25,14,20,0.7,8,27,14,5,4,9,8,17,47,0.362,7,21,0.333,4,6,0.667,9,28,9,5,5,13,16
Virginia Cavaliers,9,12/5/12,Home,R,Tennessee,1,46,38,19,53,0.358,1,8,0.125,7,10,0.7,6,31,10,2,8,8,15,15,52,0.288,3,19,0.158,5,8,0.625,7,33,7,3,3,12,15
Virginia Cavaliers,7,11/30/16,Home,R,Ohio State,1,63,61,21,56,0.375,7,16,0.438,14,20,0.7,11,26,9,9,6,10,11,22,44,0.5,6,17,0.353,11,13,0.846,5,29,14,4,3,19,20
Virginia Cavaliers,9,12/6/16,Home,R,East Carolina,1,76,53,30,53,0.566,9,21,0.429,7,10,0.7,6,27,22,6,5,6,14,18,49,0.367,10,23,0.435,7,11,0.636,10,25,12,3,2,13,12
Virginia Cavaliers,17,1/15/11,Away,R,Duke,0,60,76,19,55,0.345,6,16,0.375,16,23,0.696,9,25,8,7,1,13,18,27,58,0.466,5,20,0.25,17,20,0.85,12,40,13,4,6,15,16
Virginia Cavaliers,20,1/28/12,Away,R,NC State,1,61,60,19,43,0.442,7,15,0.467,16,23,0.696,4,20,8,5,2,11,14,23,57,0.404,2,15,0.133,12,21,0.571,16,40,12,10,2,11,17
Virginia Cavaliers,13,12/30/11,Home,R,Towson,1,57,50,16,46,0.348,7,19,0.368,18,26,0.692,13,29,9,7,2,10,12,20,45,0.444,5,18,0.278,5,10,0.5,6,24,5,2,6,13,20
Virginia Cavaliers,14,1/2/12,Away,R,LSU,1,57,52,21,47,0.447,6,10,0.6,9,13,0.692,4,25,11,12,0,15,14,21,48,0.438,5,18,0.278,5,8,0.625,5,24,10,5,6,16,16
Virginia Cavaliers,17,1/19/12,Away,R,Georgia Tech,1,70,38,28,58,0.483,5,16,0.313,9,13,0.692,10,41,14,3,5,8,16,14,48,0.292,1,15,0.067,9,19,0.474,5,22,4,5,4,6,17
Virginia Cavaliers,24,2/11/12,Away,R,UNC,0,52,70,20,55,0.364,3,16,0.188,9,13,0.692,7,31,9,3,4,12,19,24,68,0.353,1,10,0.1,21,27,0.778,19,48,14,7,6,8,11
Virginia Cavaliers,12,12/23/13,Home,R,Norfolk State,1,66,56,18,40,0.45,3,10,0.3,27,39,0.692,8,35,11,8,6,12,15,20,55,0.364,4,15,0.267,12,18,0.667,7,24,8,7,3,9,24
Virginia Cavaliers,13,1/3/15,Away,R,Miami (FL),1,89,80,26,58,0.448,10,21,0.476,27,39,0.692,9,35,19,3,6,9,23,27,68,0.397,9,28,0.321,17,24,0.708,11,36,14,6,0,9,26
Virginia Cavaliers,27,2/25/15,Away,R,Wake Forest,1,70,34,28,56,0.5,5,14,0.357,9,13,0.692,10,42,15,8,8,11,12,12,55,0.218,4,22,0.182,6,7,0.857,6,24,8,6,2,13,11
Virginia Cavaliers,34,3/22/15,Neutral,N,Michigan State,0,54,60,17,57,0.298,2,17,0.118,18,26,0.692,17,36,6,2,3,5,18,17,40,0.425,6,12,0.5,20,33,0.606,7,30,7,4,7,6,19
Virginia Cavaliers,16,1/14/17,Away,R,Clemson,1,77,73,29,50,0.58,10,18,0.556,9,13,0.692,6,29,9,2,2,16,17,28,56,0.5,7,19,0.368,10,16,0.625,8,23,13,9,3,11,13
Virginia Cavaliers,6,11/25/11,Home,R,Green Bay,1,68,42,23,45,0.511,2,8,0.25,20,29,0.69,9,37,11,7,7,13,18,15,50,0.3,2,11,0.182,10,12,0.833,7,22,3,9,1,15,22
Virginia Cavaliers,19,1/22/11,Home,R,Georgia Tech,1,72,64,20,40,0.5,10,15,0.667,22,32,0.688,6,25,16,6,1,10,17,25,52,0.481,4,10,0.4,10,15,0.667,10,28,9,5,0,11,26
Virginia Cavaliers,24,2/14/15,Home,R,Wake Forest,1,61,60,24,53,0.453,2,12,0.167,11,16,0.688,5,29,10,5,2,9,14,19,44,0.432,10,24,0.417,12,22,0.545,3,29,15,6,1,11,16
Virginia Cavaliers,30,3/1/14,Home,R,Syracuse,1,75,56,27,54,0.5,8,16,0.5,13,19,0.684,12,34,19,3,2,6,13,20,56,0.357,5,22,0.227,11,14,0.786,9,25,8,4,4,5,18
Virginia Cavaliers,29,3/1/18,Away,R,Louisville,1,67,66,24,56,0.429,6,14,0.429,13,19,0.684,11,33,10,3,4,11,22,19,46,0.413,6,15,0.4,22,29,0.759,4,26,7,3,2,8,18
Virginia Cavaliers,18,1/19/16,Home,R,Clemson,1,69,62,25,46,0.543,4,7,0.571,15,22,0.682,6,32,14,3,2,9,11,24,53,0.453,8,24,0.333,6,6,1,2,20,9,5,1,7,18
Virginia Cavaliers,32,3/11/16,Neutral,A,Miami (FL),1,73,68,26,50,0.52,4,11,0.364,17,25,0.68,8,26,10,6,2,9,19,23,42,0.548,4,8,0.5,18,24,0.75,4,22,7,5,1,16,22
Virginia Cavaliers,33,3/16/17,Neutral,N,UNC Wilmington,1,76,71,26,52,0.5,7,17,0.412,17,25,0.68,4,26,9,5,5,8,19,25,61,0.41,10,26,0.385,11,17,0.647,13,39,15,4,2,9,20
Virginia Cavaliers,16,1/8/11,Home,R,UNC,0,56,62,21,51,0.412,6,17,0.353,8,12,0.667,4,30,8,5,4,11,22,20,54,0.37,3,11,0.273,19,27,0.704,10,37,7,7,3,8,13
Virginia Cavaliers,18,1/19/11,Away,R,Boston College,0,67,70,25,57,0.439,9,23,0.391,8,12,0.667,11,33,12,2,5,7,21,22,54,0.407,6,21,0.286,20,25,0.8,10,32,12,3,3,5,11
Virginia Cavaliers,25,2/16/11,Home,R,Duke,0,41,56,16,56,0.286,3,12,0.25,6,9,0.667,7,27,8,6,2,12,13,23,46,0.5,5,16,0.313,5,9,0.556,5,38,12,6,6,18,13
Virginia Cavaliers,20,1/29/13,Home,R,NC State,1,58,55,22,54,0.407,4,16,0.25,10,15,0.667,5,30,13,4,4,8,14,20,53,0.377,6,15,0.4,9,13,0.692,7,33,10,5,2,14,12
Virginia Cavaliers,22,2/7/13,Home,R,Clemson,1,78,41,30,54,0.556,10,24,0.417,8,12,0.667,3,24,17,12,6,6,17,16,52,0.308,1,17,0.059,8,12,0.667,12,30,4,5,3,18,10
Virginia Cavaliers,26,2/15/14,Away,R,Clemson,1,63,58,23,48,0.479,5,15,0.333,12,18,0.667,10,30,10,1,2,9,14,18,42,0.429,4,12,0.333,18,21,0.857,2,15,13,4,3,4,18
Virginia Cavaliers,5,11/25/14,Home,R,Tennessee State,1,79,36,31,60,0.517,7,21,0.333,10,15,0.667,17,46,17,5,4,6,9,14,48,0.292,4,19,0.211,4,9,0.444,4,19,7,5,3,8,19
Virginia Cavaliers,18,1/22/15,Home,R,Georgia Tech,1,57,28,24,53,0.453,5,9,0.556,4,6,0.667,6,33,13,4,3,4,12,12,49,0.245,0,12,0,4,8,0.5,8,29,2,3,3,10,8
Virginia Cavaliers,21,2/2/15,Away,R,UNC,1,75,64,29,56,0.518,5,12,0.417,12,18,0.667,6,19,18,9,7,8,13,25,56,0.446,4,9,0.444,10,13,0.769,10,32,15,3,3,13,16
Virginia Cavaliers,27,2/22/16,Away,R,Miami (FL),0,61,64,25,58,0.431,5,16,0.313,6,9,0.667,14,32,10,5,5,7,16,21,46,0.457,10,19,0.526,12,20,0.6,8,28,13,5,1,8,7
Virginia Cavaliers,36,3/25/16,Neutral,N,Iowa State,1,84,71,32,57,0.561,4,11,0.364,16,24,0.667,6,30,26,8,5,8,13,27,52,0.519,7,18,0.389,10,15,0.667,1,23,16,6,2,11,19
Virginia Cavaliers,5,11/23/17,Neutral,R,Vanderbilt,1,68,42,27,60,0.45,10,21,0.476,4,6,0.667,5,32,21,3,8,7,17,12,52,0.231,4,18,0.222,14,19,0.737,7,35,7,4,2,8,13
Virginia Cavaliers,13,12/30/17,Home,R,Boston College,1,59,58,23,58,0.397,9,23,0.391,4,6,0.667,10,33,10,7,6,9,12,22,52,0.423,7,22,0.318,7,7,1,3,30,4,2,3,13,11
Virginia Cavaliers,14,1/3/18,Away,R,Virginia Tech,1,78,52,30,61,0.492,12,25,0.48,6,9,0.667,4,31,18,9,4,6,18,17,47,0.362,2,12,0.167,16,23,0.696,5,29,6,2,2,16,10
Virginia Cavaliers,27,2/21/18,Home,R,Georgia Tech,1,65,54,23,48,0.479,7,14,0.5,12,18,0.667,8,29,12,5,4,5,12,22,51,0.431,4,13,0.308,6,8,0.75,7,25,11,5,3,6,16
Virginia Cavaliers,34,3/16/14,Neutral,A,Duke,1,72,63,21,47,0.447,5,12,0.417,25,38,0.658,11,36,8,2,5,8,15,24,63,0.381,8,14,0.571,7,11,0.636,10,28,13,7,3,6,28
Virginia Cavaliers,3,11/18/11,Neutral,R,TCU,0,55,57,15,40,0.375,6,15,0.4,19,29,0.655,6,25,11,7,1,19,18,19,43,0.442,5,13,0.385,14,17,0.824,5,27,8,3,0,19,23
Virginia Cavaliers,11,12/19/12,Home,R,Morgan State,1,75,57,25,54,0.463,6,16,0.375,19,29,0.655,14,33,18,8,2,16,17,21,45,0.467,3,10,0.3,12,18,0.667,3,19,8,6,4,17,19
Virginia Cavaliers,1,11/13/15,Home,R,Morgan State,1,86,48,32,65,0.492,5,18,0.278,17,26,0.654,22,49,16,4,3,8,17,17,50,0.34,7,27,0.259,7,11,0.636,5,19,10,7,1,11,20
Virginia Cavaliers,31,3/10/13,Home,R,Maryland,1,61,58,21,57,0.368,4,16,0.25,15,23,0.652,6,34,9,6,9,8,14,20,61,0.328,6,20,0.3,12,17,0.706,8,40,10,4,3,12,21
Virginia Cavaliers,15,1/8/14,Home,R,Wake Forest,1,74,51,26,52,0.5,7,14,0.5,15,23,0.652,6,35,17,9,2,12,12,17,48,0.354,4,17,0.235,13,18,0.722,3,21,11,5,3,15,17
Virginia Cavaliers,9,12/8/15,Neutral,R,West Virginia,1,70,54,27,43,0.628,3,8,0.375,13,20,0.65,6,26,13,6,1,18,22,20,50,0.4,2,14,0.143,12,21,0.571,13,24,10,10,1,18,24
Virginia Cavaliers,27,2/20/17,Home,R,Miami (FL),0,48,54,16,51,0.314,3,12,0.25,13,20,0.65,9,27,7,8,2,9,18,15,41,0.366,4,19,0.211,20,22,0.909,6,32,9,4,3,15,18
Virginia Cavaliers,8,12/3/11,Home,R,Longwood,1,86,53,29,56,0.518,6,19,0.316,22,34,0.647,10,40,20,11,5,10,13,20,53,0.377,3,19,0.158,10,13,0.769,2,20,7,7,1,14,21
Virginia Cavaliers,30,3/4/12,Away,R,Maryland,1,75,72,24,53,0.453,5,13,0.385,22,34,0.647,5,34,13,5,2,12,20,25,62,0.403,8,17,0.471,14,26,0.538,9,33,10,7,3,12,21
Virginia Cavaliers,2,11/16/14,Home,R,Norfolk State,1,67,39,23,53,0.434,10,21,0.476,11,17,0.647,10,36,19,9,11,10,11,12,51,0.235,7,17,0.412,8,9,0.889,11,29,8,3,4,13,18
Virginia Cavaliers,8,12/5/10,Away,R,Virginia Tech,1,57,54,23,49,0.469,4,12,0.333,7,11,0.636,8,27,16,5,6,10,12,22,51,0.431,6,15,0.4,4,4,1,8,27,8,4,7,11,16
Virginia Cavaliers,18,1/22/12,Home,R,Virginia Tech,0,45,47,15,46,0.326,1,14,0.071,14,22,0.636,10,29,4,5,1,12,13,19,42,0.452,5,13,0.385,4,7,0.571,4,25,10,5,2,13,19
Virginia Cavaliers,21,2/3/13,Away,R,Georgia Tech,0,60,66,22,55,0.4,9,22,0.409,7,11,0.636,11,29,15,4,3,14,22,22,46,0.478,4,15,0.267,18,25,0.72,9,32,12,5,5,13,14
Virginia Cavaliers,25,2/16/13,Away,R,UNC,0,81,93,31,53,0.585,12,21,0.571,7,11,0.636,2,21,12,7,2,14,21,29,59,0.492,13,28,0.464,22,30,0.733,10,32,18,11,2,7,11
Virginia Cavaliers,15,1/9/16,Away,R,Georgia Tech,0,64,68,23,57,0.404,4,18,0.222,14,22,0.636,5,26,11,4,2,7,19,24,55,0.436,8,15,0.533,12,18,0.667,10,39,12,3,4,9,17
Virginia Cavaliers,5,11/23/10,Neutral,R,Oklahoma,1,74,56,25,52,0.481,7,18,0.389,17,27,0.63,9,31,14,8,1,9,16,20,45,0.444,6,17,0.353,10,14,0.714,5,30,9,3,5,17,18
Virginia Cavaliers,23,2/8/12,Home,R,Wake Forest,1,68,44,29,54,0.537,5,11,0.455,5,8,0.625,4,30,19,11,3,9,15,14,41,0.341,4,13,0.308,12,17,0.706,3,25,9,4,2,17,7
Virginia Cavaliers,16,1/12/13,Away,R,Clemson,0,44,59,17,48,0.354,5,17,0.294,5,8,0.625,6,21,11,4,3,11,17,17,33,0.515,6,10,0.6,19,27,0.704,3,27,12,2,6,14,13
Virginia Cavaliers,26,2/19/13,Away,R,Miami (FL),0,50,54,20,52,0.385,5,15,0.333,5,8,0.625,6,27,12,6,4,7,17,22,47,0.468,1,7,0.143,9,16,0.563,5,31,11,4,7,8,10
Virginia Cavaliers,34,3/24/13,Home,N,St. John's (NY),1,68,50,24,44,0.545,5,15,0.333,15,24,0.625,6,29,19,6,5,12,13,21,62,0.339,2,16,0.125,6,10,0.6,12,32,7,10,2,14,22
Virginia Cavaliers,4,11/21/14,Home,R,George Washington,1,59,42,24,57,0.421,1,9,0.111,10,16,0.625,13,38,9,4,9,8,11,16,49,0.327,4,18,0.222,6,9,0.667,6,25,6,6,6,10,14
Virginia Cavaliers,29,3/2/15,Away,R,Syracuse,1,59,47,24,52,0.462,6,17,0.353,5,8,0.625,15,37,13,9,0,19,12,18,47,0.383,4,19,0.211,7,13,0.538,6,20,12,10,3,12,13
Virginia Cavaliers,34,3/17/16,Neutral,N,Hampton,1,81,45,32,58,0.552,12,25,0.48,5,8,0.625,5,31,20,4,7,5,14,17,56,0.304,3,19,0.158,8,10,0.8,7,26,4,1,0,7,11
Virginia Cavaliers,2,11/15/16,Home,R,St. Francis (NY),1,72,32,31,52,0.596,0,10,0,10,16,0.625,6,37,18,4,5,10,15,11,48,0.229,5,26,0.192,5,7,0.714,0,16,4,4,1,13,17
Virginia Cavaliers,29,2/27/17,Home,R,UNC,1,53,43,19,59,0.322,10,24,0.417,5,8,0.625,10,28,15,6,8,4,12,17,48,0.354,4,16,0.25,5,7,0.714,6,32,12,1,3,14,12
Virginia Cavaliers,6,11/24/10,Neutral,R,Wichita State,0,58,70,22,51,0.431,6,13,0.462,8,13,0.615,8,26,9,4,2,10,20,22,52,0.423,8,16,0.5,18,22,0.818,9,32,15,6,3,10,16
Virginia Cavaliers,26,2/19/11,Home,R,Virginia Tech,1,61,54,21,46,0.457,11,23,0.478,8,13,0.615,4,28,13,4,3,14,13,21,52,0.404,7,22,0.318,5,7,0.714,5,27,7,9,4,12,16
Virginia Cavaliers,5,11/25/16,Neutral,R,Iowa,1,74,41,29,60,0.483,8,17,0.471,8,13,0.615,9,33,18,9,5,5,13,15,48,0.313,6,23,0.261,5,10,0.5,11,30,8,3,2,18,17
Virginia Cavaliers,18,1/24/13,Away,R,Virginia Tech,1,74,58,26,51,0.51,11,23,0.478,11,18,0.611,5,21,21,9,3,6,18,19,43,0.442,5,15,0.333,15,24,0.625,7,31,6,3,0,14,17
Virginia Cavaliers,23,2/11/15,Away,R,NC State,1,51,47,19,51,0.373,2,11,0.182,11,18,0.611,13,39,10,2,6,11,15,19,57,0.333,3,17,0.176,6,7,0.857,8,26,7,6,9,6,15
Virginia Cavaliers,15,1/7/12,Home,R,Miami (FL),1,52,51,21,55,0.382,4,13,0.308,6,10,0.6,10,30,10,5,1,7,15,18,51,0.353,5,17,0.294,10,13,0.769,12,36,5,4,1,11,14
Virginia Cavaliers,32,3/16/12,Neutral,N,Florida,0,45,71,18,47,0.383,3,18,0.167,6,10,0.6,2,21,12,5,1,13,15,28,53,0.528,4,23,0.174,11,17,0.647,9,36,11,6,0,12,10
Virginia Cavaliers,1,11/9/12,Away,R,George Mason,0,59,63,21,52,0.404,8,21,0.381,9,15,0.6,11,30,12,3,1,12,20,24,44,0.545,7,14,0.5,8,19,0.421,3,25,14,5,2,10,16
Virginia Cavaliers,3,11/13/12,Home,R,Delaware,0,53,59,20,57,0.351,4,21,0.19,9,15,0.6,12,30,10,5,4,12,17,20,47,0.426,5,16,0.313,14,17,0.824,9,32,7,7,2,14,13
Virginia Cavaliers,13,12/30/12,Home,R,Wofford,1,74,39,30,47,0.638,8,15,0.533,6,10,0.6,4,31,22,8,2,12,12,14,42,0.333,5,19,0.263,6,10,0.6,3,19,6,7,0,17,12
Virginia Cavaliers,32,3/15/13,Neutral,A,NC State,0,56,75,21,54,0.389,5,20,0.25,9,15,0.6,3,26,15,7,4,10,15,27,59,0.458,8,16,0.5,13,16,0.813,9,38,16,7,3,10,13
Virginia Cavaliers,6,11/25/15,Home,R,Lehigh,1,80,54,34,65,0.523,6,19,0.316,6,10,0.6,13,31,18,9,6,6,9,20,50,0.4,8,23,0.348,6,8,0.75,9,27,10,3,2,17,19
Virginia Cavaliers,21,1/30/16,Away,R,Louisville,1,63,47,26,45,0.578,5,13,0.385,6,10,0.6,5,24,14,9,5,15,16,16,49,0.327,4,11,0.364,11,14,0.786,11,26,10,8,2,18,16
Virginia Cavaliers,31,3/10/16,Neutral,A,Georgia Tech,1,72,52,28,52,0.538,7,14,0.5,9,15,0.6,7,25,17,6,3,7,13,20,49,0.408,6,13,0.462,6,7,0.857,8,28,8,3,2,13,14
Virginia Cavaliers,13,12/31/16,Home,R,Florida State,0,58,60,23,51,0.451,9,16,0.563,3,5,0.6,5,28,8,3,6,13,18,20,49,0.408,8,15,0.533,12,24,0.5,10,32,8,6,3,11,15
Virginia Cavaliers,17,1/18/17,Away,R,Boston College,1,71,54,27,52,0.519,5,10,0.5,12,20,0.6,2,26,22,12,3,5,12,20,52,0.385,5,20,0.25,9,11,0.818,8,34,9,4,4,16,14
Virginia Cavaliers,33,3/19/13,Home,N,Norfolk State,1,67,56,20,42,0.476,5,13,0.385,22,37,0.595,8,34,12,10,3,16,20,14,52,0.269,6,16,0.375,22,28,0.786,10,34,6,7,3,18,27
Virginia Cavaliers,28,2/25/17,Away,R,NC State,1,70,55,23,47,0.489,11,16,0.688,13,22,0.591,5,30,14,8,4,10,16,18,56,0.321,7,27,0.259,12,16,0.75,10,30,10,5,5,14,18
Virginia Cavaliers,8,11/30/13,Neutral,R,Missouri State,1,83,63,30,53,0.566,9,23,0.391,14,24,0.583,9,35,20,6,2,14,15,20,48,0.417,10,24,0.417,13,21,0.619,3,18,13,7,0,14,16
Virginia Cavaliers,21,1/28/14,Away,R,Notre Dame,1,68,53,28,52,0.538,5,11,0.455,7,12,0.583,8,25,18,14,4,12,14,20,47,0.426,7,18,0.389,6,9,0.667,8,27,10,8,4,20,14
Virginia Cavaliers,30,3/7/15,Away,R,Louisville,0,57,59,21,44,0.477,8,20,0.4,7,12,0.583,8,27,12,8,2,13,12,23,49,0.469,5,12,0.417,8,10,0.8,9,28,10,10,2,10,14
Virginia Cavaliers,23,2/6/16,Away,R,Pitt,1,64,50,24,50,0.48,9,16,0.563,7,12,0.583,8,28,17,6,5,7,17,18,46,0.391,2,13,0.154,12,14,0.857,8,28,12,2,4,10,14
Virginia Cavaliers,24,2/12/17,Away,R,Virginia Tech,0,78,80,28,66,0.424,8,23,0.348,14,24,0.583,8,35,13,6,6,10,20,26,59,0.441,8,26,0.308,20,26,0.769,6,38,13,1,5,17,20
Virginia Cavaliers,32,3/9/17,Neutral,A,Notre Dame,0,58,71,22,57,0.386,7,19,0.368,7,12,0.583,10,29,12,3,1,9,21,24,46,0.522,5,17,0.294,18,25,0.72,7,31,9,6,3,7,9
Virginia Cavaliers,4,11/22/10,Neutral,R,Washington,0,63,106,22,58,0.379,4,16,0.25,15,26,0.577,13,33,9,4,2,17,17,40,69,0.58,17,26,0.654,9,13,0.692,10,38,22,8,4,9,21
Virginia Cavaliers,2,11/12/13,Home,R,VCU,0,56,59,18,46,0.391,1,8,0.125,19,33,0.576,12,40,9,4,8,19,21,24,58,0.414,5,14,0.357,6,15,0.4,4,24,7,9,2,13,27
Virginia Cavaliers,13,12/30/10,Home,R,Iowa State,0,47,60,20,62,0.323,3,24,0.125,4,7,0.571,13,36,9,5,0,9,15,23,50,0.46,8,21,0.381,6,13,0.462,6,36,14,5,3,10,12
Virginia Cavaliers,10,12/8/12,Home,R,Mississippi Valley State,1,67,39,28,56,0.5,3,12,0.25,8,14,0.571,7,39,17,9,8,10,17,11,58,0.19,3,23,0.13,14,18,0.778,13,33,3,3,1,11,13
Virginia Cavaliers,6,11/26/13,Home,R,Hampton,1,69,40,24,47,0.511,8,12,0.667,13,23,0.565,8,39,17,10,6,18,14,17,52,0.327,2,14,0.143,4,6,0.667,3,17,4,7,8,17,18
Virginia Cavaliers,25,2/10/14,Home,R,Maryland,1,61,53,24,51,0.471,4,13,0.308,9,16,0.563,5,24,16,2,5,6,11,21,52,0.404,6,21,0.286,5,8,0.625,7,27,9,5,5,9,19
Virginia Cavaliers,23,2/5/14,Home,R,Boston College,1,77,67,27,56,0.482,4,14,0.286,19,34,0.559,11,38,17,6,1,6,23,24,50,0.48,9,27,0.333,10,20,0.5,3,25,12,2,1,7,28
Virginia Cavaliers,11,12/21/13,Home,R,Northern Iowa,1,57,43,20,53,0.377,7,26,0.269,10,18,0.556,11,39,14,4,8,10,13,19,60,0.317,2,19,0.105,3,7,0.429,12,34,3,2,2,13,19
Virginia Cavaliers,15,1/6/18,Home,R,UNC,1,61,49,24,53,0.453,8,22,0.364,5,9,0.556,9,26,16,7,6,11,11,16,54,0.296,8,23,0.348,9,11,0.818,18,41,7,6,1,17,12
Virginia Cavaliers,19,1/20/14,Home,R,UNC,1,76,61,26,54,0.481,8,20,0.4,16,29,0.552,12,35,16,6,2,8,12,26,63,0.413,4,15,0.267,5,12,0.417,14,35,14,5,3,11,21
Virginia Cavaliers,5,11/23/13,Home,R,Liberty,1,75,53,30,62,0.484,9,21,0.429,6,11,0.545,12,30,21,8,4,9,14,17,44,0.386,7,14,0.5,12,12,1,5,25,9,4,1,19,12
Virginia Cavaliers,14,1/4/14,Away,R,Florida State,1,62,50,19,58,0.328,6,16,0.375,18,33,0.545,15,37,9,3,3,5,21,16,52,0.308,4,14,0.286,14,22,0.636,11,33,8,2,8,16,28
Virginia Cavaliers,8,12/2/17,Home,R,Lehigh,1,75,54,30,58,0.517,9,25,0.36,6,11,0.545,7,30,21,11,3,6,7,19,47,0.404,10,24,0.417,6,7,0.857,3,24,7,1,0,16,15
Virginia Cavaliers,8,12/3/16,Home,R,West Virginia,0,57,66,22,48,0.458,6,19,0.316,7,13,0.538,7,26,13,4,3,14,17,23,51,0.451,4,15,0.267,16,19,0.842,7,24,13,10,1,8,16
Virginia Cavaliers,27,2/18/14,Away,R,Virginia Tech,1,57,53,20,51,0.392,9,25,0.36,8,15,0.533,10,26,11,7,3,7,13,19,43,0.442,6,17,0.353,9,15,0.6,7,27,10,3,4,13,18
Virginia Cavaliers,9,12/6/11,Home,R,George Mason,1,68,48,26,43,0.605,7,14,0.5,9,17,0.529,5,23,10,10,7,14,17,19,40,0.475,2,8,0.25,8,16,0.5,5,22,6,8,1,20,17
Virginia Cavaliers,26,2/22/15,Home,R,Florida State,1,51,41,18,41,0.439,1,11,0.091,14,27,0.519,8,31,9,11,3,11,9,15,46,0.326,4,19,0.211,7,12,0.583,4,27,9,5,5,14,20
Virginia Cavaliers,11,12/20/10,Home,R,Norfolk State,1,50,49,19,54,0.352,7,22,0.318,5,10,0.5,9,34,8,3,4,11,16,17,56,0.304,2,16,0.125,13,18,0.722,13,41,7,6,6,11,15
Virginia Cavaliers,15,1/4/11,Home,R,Howard,1,84,63,32,48,0.667,16,25,0.64,4,8,0.5,3,14,20,10,0,10,12,24,45,0.533,8,17,0.471,7,12,0.583,8,21,8,5,1,17,11
Virginia Cavaliers,21,1/29/11,Away,R,Wake Forest,0,71,76,28,56,0.5,8,20,0.4,7,14,0.5,9,30,11,3,0,10,19,24,50,0.48,9,19,0.474,19,21,0.905,4,26,14,4,4,9,14
Virginia Cavaliers,31,3/10/11,Neutral,A,Miami (FL),0,62,69,24,60,0.4,6,15,0.4,8,16,0.5,7,35,9,8,4,11,21,25,64,0.391,10,29,0.345,9,20,0.45,9,39,11,4,6,13,19
Virginia Cavaliers,12,12/27/11,Home,R,Maryland-Eastern Shore,1,69,42,30,60,0.5,6,20,0.3,3,6,0.5,8,35,22,5,5,10,11,15,54,0.278,4,18,0.222,8,9,0.889,9,27,4,3,1,12,11
Virginia Cavaliers,27,2/21/12,Away,R,Virginia Tech,1,61,59,25,42,0.595,6,15,0.4,5,10,0.5,4,24,14,8,2,12,19,18,40,0.45,8,16,0.5,15,21,0.714,3,18,8,4,1,11,15
Virginia Cavaliers,28,2/25/12,Home,R,UNC,0,51,54,21,60,0.35,6,23,0.261,3,6,0.5,5,29,7,3,7,4,17,17,51,0.333,2,14,0.143,18,23,0.783,9,44,8,2,4,11,11
Virginia Cavaliers,14,1/6/13,Home,R,UNC,1,61,52,22,49,0.449,8,14,0.571,9,18,0.5,5,30,14,6,6,11,14,19,51,0.373,5,17,0.294,9,17,0.529,5,29,9,4,2,12,18
Virginia Cavaliers,1,11/8/13,Home,R,James Madison,1,61,41,25,60,0.417,4,18,0.222,7,14,0.5,9,40,9,7,1,9,12,15,48,0.313,6,25,0.24,5,6,0.833,2,25,8,7,4,13,15
Virginia Cavaliers,22,2/2/14,Away,R,Pitt,1,48,45,19,47,0.404,4,12,0.333,6,12,0.5,10,32,13,2,6,9,17,15,47,0.319,4,11,0.364,11,19,0.579,9,28,10,4,2,7,13
Virginia Cavaliers,16,1/13/15,Home,R,Clemson,1,65,42,25,50,0.5,10,21,0.476,5,10,0.5,3,23,14,4,5,4,17,15,42,0.357,3,13,0.231,9,13,0.692,7,28,4,2,2,11,11
Virginia Cavaliers,6,11/26/16,Neutral,R,Providence,1,63,52,25,42,0.595,5,10,0.5,8,16,0.5,2,24,15,8,6,7,18,15,40,0.375,8,16,0.5,14,17,0.824,5,18,12,3,2,10,19
Virginia Cavaliers,20,1/23/18,Home,R,Clemson,1,61,36,25,56,0.446,7,19,0.368,4,8,0.5,6,31,9,14,7,11,10,15,47,0.319,3,20,0.15,3,4,0.75,5,25,6,5,6,19,10
Virginia Cavaliers,34,3/16/18,Neutral,N,UMBC,0,54,74,23,56,0.411,4,22,0.182,4,8,0.5,5,21,5,8,1,7,16,26,48,0.542,12,24,0.5,10,14,0.714,3,31,16,2,0,10,13
Virginia Cavaliers,20,1/27/11,Home,R,Maryland,0,42,66,16,48,0.333,4,17,0.235,6,13,0.462,5,26,8,3,3,15,12,27,50,0.54,7,15,0.467,5,8,0.625,2,27,14,8,2,11,14
Virginia Cavaliers,23,2/5/11,Away,R,Miami (FL),0,68,70,24,51,0.471,11,19,0.579,9,22,0.409,1,25,17,8,6,10,18,22,56,0.393,9,23,0.391,17,22,0.773,8,39,8,2,4,13,17
Virginia Cavaliers,14,1/4/17,Away,R,Pitt,0,76,88,33,67,0.493,8,20,0.4,2,5,0.4,6,24,15,2,3,6,21,29,54,0.537,13,21,0.619,17,28,0.607,9,38,16,0,3,14,16
Virginia Cavaliers,22,2/4/17,Away,R,Syracuse,0,62,66,24,50,0.48,12,24,0.5,2,5,0.4,6,21,21,6,4,15,15,23,42,0.548,7,18,0.389,13,20,0.65,2,18,12,11,5,11,9
Virginia Cavaliers,32,3/9/18,Neutral,A,Clemson,1,64,58,28,60,0.467,5,18,0.278,3,8,0.375,9,33,16,11,1,7,17,17,49,0.347,5,25,0.2,19,23,0.826,5,26,8,5,2,13,16
Virginia Cavaliers,4,11/19/13,Home,R,Navy,1,67,42,30,53,0.566,3,15,0.2,4,11,0.364,9,39,16,8,3,11,10,16,48,0.333,7,23,0.304,3,6,0.5,0,16,10,5,1,13,9